transaction_id,amount,currency,merchant_category,location,device_id,customer_id,timestamp,is_fraud
TXN100000,10542.21,INR,electronics,Lucknow,DEV4582,CUST0014,2026-09-01T18:18:25.149072,False
TXN100001,2492.87,INR,pharmacy,Chennai,DEV2584,CUST0035,2026-09-01T18:18:28.149072,False
TXN100002,11536.29,INR,grocery,Hyderabad,DEV2291,CUST0044,2026-09-01T18:18:31.149072,False
TXN100003,4052.73,INR,dining,Lucknow,DEV2307,CUST0052,2026-09-01T18:18:33.149072,False
TXN100004,5964.7,INR,entertainment,Bengaluru,DEV4582,CUST0014,2026-09-01T18:18:37.149072,False
TXN100005,8442.45,INR,travel,Lucknow,DEV2424,CUST0009,2026-09-01T18:18:41.149072,False
TXN100006,5461.85,INR,fuel,Jaipur,DEV6977,CUST0058,2026-09-01T18:18:46.149072,False
TXN100007,12923.49,INR,fuel,Bengaluru,DEV3286,CUST0006,2026-09-01T18:18:51.149072,False
TXN100008,5755.21,INR,entertainment,Jaipur,DEV1711,CUST0039,2026-09-01T18:18:56.149072,False
TXN100009,221.64,INR,electronics,Jaipur,DEV6881,CUST0036,2026-09-01T18:19:00.149072,False
TXN100010,1717.7,INR,pharmacy,Bengaluru,DEV4733,CUST0050,2026-09-01T18:19:04.149072,False
TXN100011,13144.0,INR,travel,Jaipur,DEV2824,CUST0001,2026-09-01T18:19:09.149072,False
TXN100012,13064.25,INR,travel,Jaipur,DEV2519,CUST0033,2026-09-01T18:19:12.149072,False
TXN100013,2465.16,INR,apparel,Delhi,DEV7912,CUST0010,2026-09-01T18:19:15.149072,False
TXN100014,89682.4,INR,travel,Hyderabad,DEV2674,CUST0032,2026-09-01T18:19:19.149072,True
TXN100015,14206.89,INR,electronics,Ahmedabad,DEV9279,CUST0016,2026-09-01T18:19:21.149072,False
TXN100016,1930.12,INR,entertainment,Jaipur,DEV1750,CUST0049,2026-09-01T18:19:23.149072,False
TXN100017,9118.58,INR,dining,Jaipur,DEV1434,CUST0017,2026-09-01T18:19:26.149072,False
TXN100018,14927.48,INR,utilities,Ahmedabad,DEV6925,CUST0046,2026-09-01T18:19:29.149072,False
TXN100019,1007.19,INR,grocery,Lucknow,DEV9935,CUST0008,2026-09-01T18:19:34.149072,False
TXN100020,1111.35,INR,grocery,Hyderabad,DEV5333,CUST0038,2026-09-01T18:19:37.149072,False
TXN100021,4989.91,INR,apparel,Hyderabad,DEV6977,CUST0058,2026-09-01T18:19:39.149072,False
TXN100022,8111.55,INR,atm_withdrawal,Lucknow,DEV7201,CUST0043,2026-09-01T18:19:43.149072,False
TXN100023,12122.08,INR,dining,Mumbai,DEV9279,CUST0016,2026-09-01T18:19:48.149072,False
TXN100024,6382.5,INR,entertainment,Delhi,DEV7201,CUST0043,2026-09-01T18:19:50.149072,False
TXN100025,5122.57,INR,electronics,Hyderabad,DEV5012,CUST0004,2026-09-01T18:19:52.149072,False
TXN100026,2145.73,INR,fuel,Chennai,DEV2535,CUST0013,2026-09-01T18:19:55.149072,False
TXN100027,1177.0,INR,apparel,Mumbai,DEV9279,CUST0016,2026-09-01T18:20:00.149072,False
TXN100028,12548.61,INR,electronics,Hyderabad,DEV3045,CUST0042,2026-09-01T18:20:02.149072,False
TXN100029,3245.52,INR,pharmacy,Delhi,DEV6574,CUST0027,2026-09-01T18:20:05.149072,False
TXN100030,49281.63,INR,entertainment,Chennai,DEV3615,CUST0025,2026-09-01T18:20:08.149072,True
TXN100031,14931.57,INR,apparel,Ahmedabad,DEV5803,CUST0045,2026-09-01T18:20:13.149072,False
TXN100032,14532.21,INR,atm_withdrawal,Jaipur,DEV2535,CUST0013,2026-09-01T18:20:16.149072,False
TXN100033,799.63,INR,entertainment,Jaipur,DEV2139,CUST0048,2026-09-01T18:20:18.149072,False
TXN100034,1247.67,INR,fuel,Mumbai,DEV5012,CUST0004,2026-09-01T18:20:21.149072,False
TXN100035,6086.44,INR,atm_withdrawal,Hyderabad,DEV2291,CUST0044,2026-09-01T18:20:23.149072,False
TXN100036,9877.73,INR,atm_withdrawal,Jaipur,DEV8527,CUST0040,2026-09-01T18:20:25.149072,False
TXN100037,10062.4,INR,utilities,Hyderabad,DEV7065,CUST0060,2026-09-01T18:20:29.149072,False
TXN100038,9700.24,INR,entertainment,Pune,DEV7924,CUST0026,2026-09-01T18:20:33.149072,False
TXN100039,14976.89,INR,electronics,Mumbai,DEV2824,CUST0001,2026-09-01T18:20:35.149072,False
TXN100040,14002.23,INR,electronics,Hyderabad,DEV2519,CUST0033,2026-09-01T18:20:38.149072,False
TXN100041,12514.49,INR,travel,Lucknow,DEV9928,CUST0019,2026-09-01T18:20:42.149072,False
TXN100042,4525.71,INR,electronics,Bengaluru,DEV7201,CUST0043,2026-09-01T18:20:44.149072,False
TXN100043,11149.13,INR,fuel,Chennai,DEV9935,CUST0008,2026-09-01T18:20:48.149072,False
TXN100044,5176.06,INR,travel,Jaipur,DEV1711,CUST0039,2026-09-01T18:20:52.149072,False
TXN100045,12699.25,INR,electronics,Kolkata,DEV1434,CUST0017,2026-09-01T18:20:57.149072,False
TXN100046,77833.94,INR,travel,Bengaluru,DEV5506,CUST0003,2026-09-01T18:21:01.149072,True
TXN100047,8435.56,INR,electronics,Mumbai,DEV6881,CUST0036,2026-09-01T18:21:06.149072,False
TXN100048,5569.78,INR,apparel,Bengaluru,DEV2584,CUST0035,2026-09-01T18:21:09.149072,False
TXN100049,5501.54,INR,grocery,Pune,DEV2424,CUST0009,2026-09-01T18:21:14.149072,False
TXN100050,1586.76,INR,apparel,Kolkata,DEV2291,CUST0044,2026-09-01T18:21:17.149072,False
TXN100051,12975.86,INR,fuel,Kolkata,DEV7065,CUST0060,2026-09-01T18:21:20.149072,False
TXN100052,5016.17,INR,pharmacy,Hyderabad,DEV1488,CUST0012,2026-09-01T18:21:22.149072,False
TXN100053,1666.03,INR,grocery,Ahmedabad,DEV1520,CUST0011,2026-09-01T18:21:26.149072,False
TXN100054,6931.53,INR,travel,Hyderabad,DEV2535,CUST0013,2026-09-01T18:21:29.149072,False
TXN100055,6007.07,INR,travel,Mumbai,DEV1409,CUST0002,2026-09-01T18:21:32.149072,False
TXN100056,6025.19,INR,apparel,Pune,DEV5557,CUST0023,2026-09-01T18:21:36.149072,False
TXN100057,3955.17,INR,atm_withdrawal,Chennai,DEV9935,CUST0008,2026-09-01T18:21:38.149072,False
TXN100058,5218.02,INR,utilities,Kolkata,DEV2679,CUST0007,2026-09-01T18:21:40.149072,False
TXN100059,2891.68,INR,grocery,Kolkata,DEV3615,CUST0025,2026-09-01T18:21:42.149072,False
TXN100060,8099.86,INR,dining,Pune,DEV7224,CUST0034,2026-09-01T18:21:44.149072,False
TXN100061,13815.52,INR,atm_withdrawal,Pune,DEV4657,CUST0005,2026-09-01T18:21:49.149072,False
TXN100062,7631.48,INR,pharmacy,Pune,DEV4150,CUST0047,2026-09-01T18:21:51.149072,False
TXN100063,1952.95,INR,pharmacy,Kolkata,DEV5803,CUST0045,2026-09-01T18:21:56.149072,False
TXN100064,6120.82,INR,grocery,Chennai,DEV8527,CUST0040,2026-09-01T18:21:59.149072,False
TXN100065,8720.77,INR,utilities,Ahmedabad,DEV4582,CUST0014,2026-09-01T18:22:03.149072,False
TXN100066,7692.05,INR,fuel,Mumbai,DEV3547,CUST0029,2026-09-01T18:22:08.149072,False
TXN100067,9307.95,INR,electronics,Hyderabad,DEV2519,CUST0033,2026-09-01T18:22:12.149072,False
TXN100068,2252.94,INR,grocery,Hyderabad,DEV4811,CUST0015,2026-09-01T18:22:16.149072,False
TXN100069,1138.78,INR,pharmacy,Lucknow,DEV8527,CUST0040,2026-09-01T18:22:21.149072,False
TXN100070,7440.94,INR,dining,Bengaluru,DEV6925,CUST0046,2026-09-01T18:22:24.149072,False
TXN100071,11562.19,INR,electronics,Kolkata,DEV6977,CUST0058,2026-09-01T18:22:26.149072,False
TXN100072,10453.88,INR,entertainment,Delhi,DEV1488,CUST0012,2026-09-01T18:22:29.149072,False
TXN100073,6874.1,INR,entertainment,Jaipur,DEV3664,CUST0059,2026-09-01T18:22:32.149072,False
TXN100074,9209.15,INR,apparel,Kolkata,DEV1750,CUST0049,2026-09-01T18:22:36.149072,False
TXN100075,12929.35,INR,entertainment,Chennai,DEV6977,CUST0058,2026-09-01T18:22:41.149072,False
TXN100076,11498.91,INR,apparel,Ahmedabad,DEV2654,CUST0054,2026-09-01T18:22:44.149072,False
TXN100077,10717.5,INR,dining,Chennai,DEV4257,CUST0018,2026-09-01T18:22:47.149072,False
TXN100078,1254.64,INR,fuel,Hyderabad,DEV4611,CUST0021,2026-09-01T18:22:51.149072,False
TXN100079,3248.6,INR,pharmacy,Kolkata,DEV5803,CUST0045,2026-09-01T18:22:56.149072,False
TXN100080,980.87,INR,pharmacy,Kolkata,DEV2584,CUST0035,2026-09-01T18:23:00.149072,False
TXN100081,8656.57,INR,entertainment,Delhi,DEV7227,CUST0055,2026-09-01T18:23:02.149072,False
TXN100082,12809.05,INR,pharmacy,Jaipur,DEV7873,CUST0020,2026-09-01T18:23:06.149072,False
TXN100083,6565.75,INR,grocery,Kolkata,DEV2674,CUST0032,2026-09-01T18:23:09.149072,False
TXN100084,6094.53,INR,fuel,Ahmedabad,DEV7201,CUST0043,2026-09-01T18:23:13.149072,False
TXN100085,13608.59,INR,atm_withdrawal,Lucknow,DEV8527,CUST0040,2026-09-01T18:23:16.149072,False
TXN100086,2078.71,INR,entertainment,Bengaluru,DEV3286,CUST0006,2026-09-01T18:23:18.149072,False
TXN100087,3214.32,INR,utilities,Pune,DEV1434,CUST0017,2026-09-01T18:23:20.149072,False
TXN100088,12487.27,INR,travel,Mumbai,DEV4257,CUST0018,2026-09-01T18:23:25.149072,False
TXN100089,828.68,INR,utilities,Hyderabad,DEV1409,CUST0002,2026-09-01T18:23:30.149072,False
TXN100090,651.86,INR,grocery,Hyderabad,DEV4733,CUST0050,2026-09-01T18:23:32.149072,False
TXN100091,31428.68,INR,fuel,Ahmedabad,DEV2654,CUST0054,2026-09-01T18:23:35.149072,True
TXN100092,7002.26,INR,travel,Pune,DEV6635,CUST0037,2026-09-01T18:23:37.149072,False
TXN100093,11231.49,INR,electronics,Bengaluru,DEV1711,CUST0039,2026-09-01T18:23:40.149072,False
TXN100094,13936.86,INR,atm_withdrawal,Kolkata,DEV2679,CUST0007,2026-09-01T18:23:44.149072,False
TXN100095,8901.86,INR,dining,Mumbai,DEV6925,CUST0046,2026-09-01T18:23:49.149072,False
TXN100096,12092.64,INR,atm_withdrawal,Delhi,DEV7227,CUST0055,2026-09-01T18:23:53.149072,False
TXN100097,5590.03,INR,apparel,Pune,DEV2584,CUST0035,2026-09-01T18:23:57.149072,False
TXN100098,7378.52,INR,pharmacy,Pune,DEV7227,CUST0055,2026-09-01T18:23:59.149072,False
TXN100099,2683.25,INR,apparel,Chennai,DEV6925,CUST0046,2026-09-01T18:24:04.149072,False
TXN100100,10978.84,INR,travel,Pune,DEV4527,CUST0030,2026-09-01T18:24:09.149072,False
TXN100101,4219.98,INR,entertainment,Hyderabad,DEV2654,CUST0054,2026-09-01T18:24:12.149072,False
TXN100102,5715.89,INR,grocery,Ahmedabad,DEV6635,CUST0037,2026-09-01T18:24:17.149072,False
TXN100103,5354.63,INR,travel,Pune,DEV1488,CUST0012,2026-09-01T18:24:21.149072,False
TXN100104,13207.6,INR,apparel,Delhi,DEV8428,CUST0057,2026-09-01T18:24:25.149072,False
TXN100105,6126.1,INR,apparel,Hyderabad,DEV3286,CUST0006,2026-09-01T18:24:28.149072,False
TXN100106,6750.21,INR,grocery,Mumbai,DEV3045,CUST0042,2026-09-01T18:24:33.149072,False
TXN100107,3687.41,INR,atm_withdrawal,Pune,DEV4811,CUST0015,2026-09-01T18:24:37.149072,False
TXN100108,6411.28,INR,apparel,Pune,DEV6881,CUST0036,2026-09-01T18:24:42.149072,False
TXN100109,4634.01,INR,dining,Mumbai,DEV5803,CUST0045,2026-09-01T18:24:46.149072,False
TXN100110,8061.17,INR,fuel,Hyderabad,DEV4611,CUST0021,2026-09-01T18:24:49.149072,False
TXN100111,10882.55,INR,apparel,Lucknow,DEV2139,CUST0048,2026-09-01T18:24:52.149072,False
TXN100112,4478.88,INR,utilities,Bengaluru,DEV2679,CUST0007,2026-09-01T18:24:56.149072,False
TXN100113,1942.42,INR,grocery,Delhi,DEV2824,CUST0001,2026-09-01T18:25:00.149072,False
TXN100114,9586.15,INR,entertainment,Mumbai,DEV5803,CUST0045,2026-09-01T18:25:04.149072,False
TXN100115,7206.78,INR,utilities,Bengaluru,DEV6635,CUST0037,2026-09-01T18:25:06.149072,False
TXN100116,7192.05,INR,electronics,Kolkata,DEV1434,CUST0017,2026-09-01T18:25:08.149072,False
TXN100117,10312.44,INR,fuel,Bengaluru,DEV4657,CUST0005,2026-09-01T18:25:13.149072,False
TXN100118,1820.85,INR,pharmacy,Lucknow,DEV3286,CUST0006,2026-09-01T18:25:17.149072,False
TXN100119,6785.19,INR,entertainment,Chennai,DEV4733,CUST0050,2026-09-01T18:25:20.149072,False
TXN100120,950.44,INR,electronics,Hyderabad,DEV7873,CUST0020,2026-09-01T18:25:25.149072,False
TXN100121,2398.0,INR,fuel,Jaipur,DEV1434,CUST0017,2026-09-01T18:25:28.149072,False
TXN100122,53787.78,INR,atm_withdrawal,Ahmedabad,DEV1520,CUST0011,2026-09-01T18:25:30.149072,True
TXN100123,10618.99,INR,entertainment,Mumbai,DEV5506,CUST0003,2026-09-01T18:25:34.149072,False
TXN100124,11879.15,INR,atm_withdrawal,Hyderabad,DEV7065,CUST0060,2026-09-01T18:25:37.149072,False
TXN100125,9732.14,INR,travel,Bengaluru,DEV9935,CUST0008,2026-09-01T18:25:42.149072,False
TXN100126,4648.8,INR,atm_withdrawal,Chennai,DEV5012,CUST0004,2026-09-01T18:25:44.149072,False
TXN100127,4596.16,INR,pharmacy,Chennai,DEV9935,CUST0008,2026-09-01T18:25:49.149072,False
TXN100128,645.92,INR,pharmacy,Pune,DEV3547,CUST0029,2026-09-01T18:25:54.149072,False
TXN100129,14430.57,INR,atm_withdrawal,Lucknow,DEV1409,CUST0002,2026-09-01T18:25:58.149072,False
TXN100130,4079.19,INR,grocery,Bengaluru,DEV1750,CUST0049,2026-09-01T18:26:00.149072,False
TXN100131,13745.29,INR,fuel,Lucknow,DEV7224,CUST0034,2026-09-01T18:26:05.149072,False
TXN100132,14537.38,INR,entertainment,Pune,DEV9785,CUST0041,2026-09-01T18:26:10.149072,False
TXN100133,1613.77,INR,fuel,Pune,DEV8359,CUST0022,2026-09-01T18:26:15.149072,False
TXN100134,9955.62,INR,pharmacy,Jaipur,DEV5803,CUST0045,2026-09-01T18:26:20.149072,False
TXN100135,3823.36,INR,electronics,Kolkata,DEV4527,CUST0030,2026-09-01T18:26:22.149072,False
TXN100136,6956.55,INR,grocery,Hyderabad,DEV7201,CUST0043,2026-09-01T18:26:24.149072,False
TXN100137,9399.86,INR,grocery,Hyderabad,DEV8527,CUST0040,2026-09-01T18:26:28.149072,False
TXN100138,4356.04,INR,entertainment,Mumbai,DEV6881,CUST0036,2026-09-01T18:26:32.149072,False
TXN100139,3627.5,INR,fuel,Chennai,DEV9785,CUST0041,2026-09-01T18:26:34.149072,False
TXN100140,3409.27,INR,electronics,Ahmedabad,DEV6881,CUST0036,2026-09-01T18:26:36.149072,False
TXN100141,7500.71,INR,travel,Jaipur,DEV3045,CUST0042,2026-09-01T18:26:38.149072,False
TXN100142,14704.66,INR,dining,Ahmedabad,DEV6574,CUST0027,2026-09-01T18:26:42.149072,False
TXN100143,9010.7,INR,fuel,Mumbai,DEV3615,CUST0025,2026-09-01T18:26:45.149072,False
TXN100144,6253.39,INR,apparel,Chennai,DEV4733,CUST0050,2026-09-01T18:26:49.149072,False
TXN100145,12570.27,INR,atm_withdrawal,Ahmedabad,DEV9928,CUST0019,2026-09-01T18:26:51.149072,False
TXN100146,5209.6,INR,apparel,Jaipur,DEV3547,CUST0029,2026-09-01T18:26:54.149072,False
TXN100147,13050.55,INR,dining,Lucknow,DEV4527,CUST0030,2026-09-01T18:26:59.149072,False
TXN100148,6191.09,INR,utilities,Ahmedabad,DEV4811,CUST0015,2026-09-01T18:27:04.149072,False
TXN100149,11896.29,INR,fuel,Ahmedabad,DEV3615,CUST0025,2026-09-01T18:27:09.149072,False
TXN100150,8873.2,INR,electronics,Ahmedabad,DEV2424,CUST0009,2026-09-01T18:27:11.149072,False
TXN100151,279.45,INR,fuel,Kolkata,DEV7224,CUST0034,2026-09-01T18:27:13.149072,False
TXN100152,14539.59,INR,utilities,Lucknow,DEV4657,CUST0005,2026-09-01T18:27:16.149072,False
TXN100153,4962.06,INR,apparel,Kolkata,DEV3045,CUST0042,2026-09-01T18:27:21.149072,False
TXN100154,11403.06,INR,apparel,Delhi,DEV9785,CUST0041,2026-09-01T18:27:25.149072,False
TXN100155,13817.89,INR,dining,Mumbai,DEV9279,CUST0016,2026-09-01T18:27:27.149072,False
TXN100156,10573.17,INR,electronics,Ahmedabad,DEV2679,CUST0007,2026-09-01T18:27:32.149072,False
TXN100157,482.76,INR,utilities,Delhi,DEV5803,CUST0045,2026-09-01T18:27:35.149072,False
TXN100158,2226.27,INR,apparel,Kolkata,DEV5557,CUST0023,2026-09-01T18:27:39.149072,False
TXN100159,9161.9,INR,pharmacy,Lucknow,DEV1520,CUST0011,2026-09-01T18:27:42.149072,False
TXN100160,2189.61,INR,entertainment,Chennai,DEV2674,CUST0032,2026-09-01T18:27:45.149072,False
TXN100161,13488.68,INR,entertainment,Chennai,DEV1434,CUST0017,2026-09-01T18:27:50.149072,False
TXN100162,5216.21,INR,atm_withdrawal,Chennai,DEV4657,CUST0005,2026-09-01T18:27:53.149072,False
TXN100163,12687.29,INR,dining,Kolkata,DEV5803,CUST0045,2026-09-01T18:27:58.149072,False
TXN100164,8600.24,INR,atm_withdrawal,Chennai,DEV2679,CUST0007,2026-09-01T18:28:03.149072,False
TXN100165,9890.54,INR,travel,Delhi,DEV1409,CUST0002,2026-09-01T18:28:07.149072,False
TXN100166,7476.07,INR,travel,Hyderabad,DEV3664,CUST0059,2026-09-01T18:28:09.149072,False
TXN100167,9332.32,INR,fuel,Mumbai,DEV4811,CUST0015,2026-09-01T18:28:13.149072,False
TXN100168,548.8,INR,utilities,Bengaluru,DEV7873,CUST0020,2026-09-01T18:28:15.149072,False
TXN100169,11224.84,INR,fuel,Hyderabad,DEV3664,CUST0059,2026-09-01T18:28:17.149072,False
TXN100170,14573.77,INR,apparel,Jaipur,DEV5741,CUST0051,2026-09-01T18:28:20.149072,False
TXN100171,13715.03,INR,entertainment,Chennai,DEV2654,CUST0054,2026-09-01T18:28:24.149072,False
TXN100172,14445.25,INR,fuel,Hyderabad,DEV2307,CUST0052,2026-09-01T18:28:28.149072,False
TXN100173,5518.34,INR,pharmacy,Delhi,DEV7227,CUST0055,2026-09-01T18:28:33.149072,False
TXN100174,5560.36,INR,travel,Lucknow,DEV2584,CUST0035,2026-09-01T18:28:37.149072,False
TXN100175,5603.53,INR,dining,Ahmedabad,DEV4814,CUST0053,2026-09-01T18:28:42.149072,False
TXN100176,8443.04,INR,atm_withdrawal,Hyderabad,DEV8527,CUST0040,2026-09-01T18:28:44.149072,False
TXN100177,13645.35,INR,travel,Kolkata,DEV9785,CUST0041,2026-09-01T18:28:46.149072,False
TXN100178,606.32,INR,entertainment,Mumbai,DEV2424,CUST0009,2026-09-01T18:28:48.149072,False
TXN100179,2078.18,INR,entertainment,Pune,DEV9279,CUST0016,2026-09-01T18:28:50.149072,False
TXN100180,2360.12,INR,pharmacy,Mumbai,DEV5333,CUST0038,2026-09-01T18:28:55.149072,False
TXN100181,14275.25,INR,grocery,Pune,DEV8527,CUST0040,2026-09-01T18:29:00.149072,False
TXN100182,3579.88,INR,utilities,Mumbai,DEV3547,CUST0029,2026-09-01T18:29:03.149072,False
TXN100183,9690.16,INR,grocery,Kolkata,DEV2584,CUST0035,2026-09-01T18:29:07.149072,False
TXN100184,14237.71,INR,entertainment,Mumbai,DEV2535,CUST0013,2026-09-01T18:29:11.149072,False
TXN100185,14567.85,INR,grocery,Pune,DEV3045,CUST0042,2026-09-01T18:29:14.149072,False
TXN100186,3117.82,INR,apparel,Hyderabad,DEV2424,CUST0009,2026-09-01T18:29:17.149072,False
TXN100187,4961.97,INR,fuel,Lucknow,DEV4814,CUST0053,2026-09-01T18:29:20.149072,False
TXN100188,2213.09,INR,fuel,Jaipur,DEV4257,CUST0018,2026-09-01T18:29:22.149072,False
TXN100189,9932.81,INR,grocery,Bengaluru,DEV2307,CUST0052,2026-09-01T18:29:26.149072,False
TXN100190,3607.08,INR,utilities,Delhi,DEV5557,CUST0023,2026-09-01T18:29:28.149072,False
TXN100191,11138.68,INR,apparel,Mumbai,DEV1434,CUST0017,2026-09-01T18:29:31.149072,False
TXN100192,5462.48,INR,atm_withdrawal,Mumbai,DEV6514,CUST0031,2026-09-01T18:29:33.149072,False
TXN100193,9245.85,INR,apparel,Chennai,DEV2519,CUST0033,2026-09-01T18:29:38.149072,False
TXN100194,959.34,INR,entertainment,Kolkata,DEV3045,CUST0042,2026-09-01T18:29:43.149072,False
TXN100195,10700.4,INR,entertainment,Mumbai,DEV2291,CUST0044,2026-09-01T18:29:48.149072,False
TXN100196,1031.95,INR,travel,Lucknow,DEV4611,CUST0021,2026-09-01T18:29:50.149072,False
TXN100197,7981.82,INR,entertainment,Jaipur,DEV3615,CUST0025,2026-09-01T18:29:54.149072,False
TXN100198,1760.49,INR,apparel,Hyderabad,DEV2679,CUST0007,2026-09-01T18:29:59.149072,False
TXN100199,6236.51,INR,entertainment,Kolkata,DEV3547,CUST0029,2026-09-01T18:30:04.149072,False
TXN100200,6430.12,INR,travel,Pune,DEV4150,CUST0047,2026-09-01T18:30:09.149072,False
TXN100201,1053.64,INR,electronics,Mumbai,DEV2291,CUST0044,2026-09-01T18:30:12.149072,False
TXN100202,5621.07,INR,fuel,Jaipur,DEV2679,CUST0007,2026-09-01T18:30:17.149072,False
TXN100203,8447.17,INR,electronics,Kolkata,DEV5333,CUST0038,2026-09-01T18:30:19.149072,False
TXN100204,11266.75,INR,grocery,Chennai,DEV5554,CUST0056,2026-09-01T18:30:23.149072,False
TXN100205,7635.82,INR,fuel,Ahmedabad,DEV5557,CUST0023,2026-09-01T18:30:27.149072,False
TXN100206,12688.33,INR,utilities,Mumbai,DEV7227,CUST0055,2026-09-01T18:30:30.149072,False
TXN100207,6465.23,INR,apparel,Lucknow,DEV6635,CUST0037,2026-09-01T18:30:34.149072,False
TXN100208,12450.44,INR,travel,Delhi,DEV1711,CUST0039,2026-09-01T18:30:36.149072,False
TXN100209,4669.32,INR,utilities,Pune,DEV4257,CUST0018,2026-09-01T18:30:39.149072,False
TXN100210,8516.5,INR,pharmacy,Mumbai,DEV1488,CUST0012,2026-09-01T18:30:41.149072,False
TXN100211,508.32,INR,apparel,Hyderabad,DEV2139,CUST0048,2026-09-01T18:30:44.149072,False
TXN100212,2403.27,INR,travel,Pune,DEV6574,CUST0027,2026-09-01T18:30:49.149072,False
TXN100213,2403.28,INR,atm_withdrawal,Delhi,DEV8428,CUST0057,2026-09-01T18:30:51.149072,False
TXN100214,6389.02,INR,atm_withdrawal,Ahmedabad,DEV4257,CUST0018,2026-09-01T18:30:53.149072,False
TXN100215,7709.58,INR,utilities,Kolkata,DEV4257,CUST0018,2026-09-01T18:30:58.149072,False
TXN100216,8917.36,INR,apparel,Chennai,DEV9928,CUST0019,2026-09-01T18:31:00.149072,False
TXN100217,9009.91,INR,grocery,Hyderabad,DEV4811,CUST0015,2026-09-01T18:31:02.149072,False
TXN100218,11474.21,INR,travel,Pune,DEV4582,CUST0014,2026-09-01T18:31:06.149072,False
TXN100219,6488.29,INR,fuel,Kolkata,DEV2824,CUST0001,2026-09-01T18:31:08.149072,False
TXN100220,10037.32,INR,utilities,Mumbai,DEV2519,CUST0033,2026-09-01T18:31:11.149072,False
TXN100221,6571.48,INR,entertainment,Mumbai,DEV5554,CUST0056,2026-09-01T18:31:16.149072,False
TXN100222,6096.12,INR,pharmacy,Chennai,DEV6635,CUST0037,2026-09-01T18:31:20.149072,False
TXN100223,44357.61,INR,atm_withdrawal,Ahmedabad,DEV7924,CUST0026,2026-09-01T18:31:22.149072,True
TXN100224,1632.65,INR,pharmacy,Lucknow,DEV3286,CUST0006,2026-09-01T18:31:26.149072,False
TXN100225,13064.34,INR,utilities,Hyderabad,DEV7224,CUST0034,2026-09-01T18:31:31.149072,False
TXN100226,7681.73,INR,electronics,Jaipur,DEV4733,CUST0050,2026-09-01T18:31:35.149072,False
TXN100227,5298.94,INR,fuel,Hyderabad,DEV6977,CUST0058,2026-09-01T18:31:38.149072,False
TXN100228,2643.81,INR,fuel,Mumbai,DEV7912,CUST0010,2026-09-01T18:31:40.149072,False
TXN100229,6986.1,INR,atm_withdrawal,Lucknow,DEV4733,CUST0050,2026-09-01T18:31:43.149072,False
TXN100230,8489.15,INR,atm_withdrawal,Pune,DEV2291,CUST0044,2026-09-01T18:31:48.149072,False
TXN100231,7060.37,INR,travel,Chennai,DEV7912,CUST0010,2026-09-01T18:31:52.149072,False
TXN100232,4690.6,INR,entertainment,Delhi,DEV5557,CUST0023,2026-09-01T18:31:54.149072,False
TXN100233,1197.13,INR,electronics,Lucknow,DEV1106,CUST0024,2026-09-01T18:31:56.149072,False
TXN100234,14315.76,INR,grocery,Ahmedabad,DEV4527,CUST0030,2026-09-01T18:32:01.149072,False
TXN100235,7545.44,INR,grocery,Ahmedabad,DEV4611,CUST0021,2026-09-01T18:32:04.149072,False
TXN100236,5184.39,INR,electronics,Jaipur,DEV2307,CUST0052,2026-09-01T18:32:06.149072,False
TXN100237,6594.49,INR,entertainment,Jaipur,DEV5506,CUST0003,2026-09-01T18:32:09.149072,False
TXN100238,4279.26,INR,pharmacy,Pune,DEV1106,CUST0024,2026-09-01T18:32:12.149072,False
TXN100239,5053.01,INR,utilities,Mumbai,DEV5741,CUST0051,2026-09-01T18:32:14.149072,False
TXN100240,12780.92,INR,atm_withdrawal,Bengaluru,DEV9928,CUST0019,2026-09-01T18:32:19.149072,False
TXN100241,2164.35,INR,utilities,Chennai,DEV3286,CUST0006,2026-09-01T18:32:23.149072,False
TXN100242,14073.13,INR,travel,Jaipur,DEV2424,CUST0009,2026-09-01T18:32:28.149072,False
TXN100243,12207.11,INR,apparel,Mumbai,DEV3045,CUST0042,2026-09-01T18:32:33.149072,False
TXN100244,5470.84,INR,fuel,Hyderabad,DEV2519,CUST0033,2026-09-01T18:32:38.149072,False
TXN100245,3436.82,INR,fuel,Bengaluru,DEV4733,CUST0050,2026-09-01T18:32:42.149072,False
TXN100246,1562.05,INR,apparel,Jaipur,DEV9928,CUST0019,2026-09-01T18:32:44.149072,False
TXN100247,11506.3,INR,fuel,Lucknow,DEV7201,CUST0043,2026-09-01T18:32:46.149072,False
TXN100248,12478.61,INR,atm_withdrawal,Bengaluru,DEV7912,CUST0010,2026-09-01T18:32:51.149072,False
TXN100249,10161.63,INR,dining,Ahmedabad,DEV5506,CUST0003,2026-09-01T18:32:56.149072,False
TXN100250,6761.47,INR,apparel,Hyderabad,DEV1750,CUST0049,2026-09-01T18:33:00.149072,False
TXN100251,13564.42,INR,dining,Pune,DEV2307,CUST0052,2026-09-01T18:33:04.149072,False
TXN100252,11682.95,INR,apparel,Jaipur,DEV4527,CUST0030,2026-09-01T18:33:09.149072,False
TXN100253,12028.83,INR,fuel,Chennai,DEV1520,CUST0011,2026-09-01T18:33:14.149072,False
TXN100254,5599.62,INR,electronics,Jaipur,DEV3045,CUST0042,2026-09-01T18:33:16.149072,False
TXN100255,2446.67,INR,entertainment,Jaipur,DEV9928,CUST0019,2026-09-01T18:33:18.149072,False
TXN100256,14198.88,INR,dining,Ahmedabad,DEV2654,CUST0054,2026-09-01T18:33:21.149072,False
TXN100257,23994.27,INR,apparel,Pune,DEV7065,CUST0060,2026-09-01T18:33:25.149072,True
TXN100258,5654.94,INR,grocery,Pune,DEV3615,CUST0025,2026-09-01T18:33:28.149072,False
TXN100259,5062.59,INR,fuel,Bengaluru,DEV2654,CUST0054,2026-09-01T18:33:30.149072,False
TXN100260,7113.2,INR,fuel,Ahmedabad,DEV9928,CUST0019,2026-09-01T18:33:32.149072,False
TXN100261,25941.93,INR,travel,Hyderabad,DEV8527,CUST0040,2026-09-01T18:33:37.149072,True
TXN100262,9152.76,INR,pharmacy,Mumbai,DEV6881,CUST0036,2026-09-01T18:33:40.149072,False
TXN100263,763.85,INR,pharmacy,Lucknow,DEV9279,CUST0016,2026-09-01T18:33:44.149072,False
TXN100264,13581.95,INR,atm_withdrawal,Jaipur,DEV4657,CUST0005,2026-09-01T18:33:49.149072,False
TXN100265,3666.98,INR,fuel,Chennai,DEV9785,CUST0041,2026-09-01T18:33:51.149072,False
TXN100266,3646.44,INR,pharmacy,Bengaluru,DEV2824,CUST0001,2026-09-01T18:33:56.149072,False
TXN100267,1061.81,INR,apparel,Jaipur,DEV7224,CUST0034,2026-09-01T18:33:58.149072,False
TXN100268,700.84,INR,pharmacy,Pune,DEV3615,CUST0025,2026-09-01T18:34:00.149072,False
TXN100269,79139.0,INR,utilities,Hyderabad,DEV2139,CUST0048,2026-09-01T18:34:04.149072,True
TXN100270,11362.35,INR,fuel,Delhi,DEV4733,CUST0050,2026-09-01T18:34:06.149072,False
TXN100271,9659.79,INR,entertainment,Ahmedabad,DEV2584,CUST0035,2026-09-01T18:34:10.149072,False
TXN100272,10754.87,INR,entertainment,Delhi,DEV2307,CUST0052,2026-09-01T18:34:13.149072,False
TXN100273,3032.07,INR,grocery,Pune,DEV2535,CUST0013,2026-09-01T18:34:17.149072,False
TXN100274,12240.32,INR,entertainment,Chennai,DEV2519,CUST0033,2026-09-01T18:34:21.149072,False
TXN100275,4327.36,INR,grocery,Pune,DEV1750,CUST0049,2026-09-01T18:34:23.149072,False
TXN100276,6582.42,INR,pharmacy,Ahmedabad,DEV9935,CUST0008,2026-09-01T18:34:27.149072,False
TXN100277,7468.24,INR,entertainment,Pune,DEV8359,CUST0022,2026-09-01T18:34:32.149072,False
TXN100278,6396.27,INR,pharmacy,Lucknow,DEV2307,CUST0052,2026-09-01T18:34:36.149072,False
TXN100279,1583.84,INR,utilities,Chennai,DEV2584,CUST0035,2026-09-01T18:34:39.149072,False
TXN100280,6420.44,INR,entertainment,Pune,DEV3547,CUST0029,2026-09-01T18:34:43.149072,False
TXN100281,13678.53,INR,atm_withdrawal,Kolkata,DEV5506,CUST0003,2026-09-01T18:34:48.149072,False
TXN100282,14221.17,INR,electronics,Kolkata,DEV9785,CUST0041,2026-09-01T18:34:52.149072,False
TXN100283,10207.19,INR,grocery,Bengaluru,DEV2519,CUST0033,2026-09-01T18:34:56.149072,False
TXN100284,3578.13,INR,utilities,Pune,DEV5506,CUST0003,2026-09-01T18:35:01.149072,False
TXN100285,2343.9,INR,entertainment,Pune,DEV6635,CUST0037,2026-09-01T18:35:06.149072,False
TXN100286,8630.13,INR,apparel,Pune,DEV3547,CUST0029,2026-09-01T18:35:10.149072,False
TXN100287,3781.69,INR,electronics,Delhi,DEV4611,CUST0021,2026-09-01T18:35:15.149072,False
TXN100288,13707.46,INR,electronics,Chennai,DEV2674,CUST0032,2026-09-01T18:35:18.149072,False
TXN100289,14945.66,INR,travel,Ahmedabad,DEV6925,CUST0046,2026-09-01T18:35:22.149072,False
TXN100290,1157.08,INR,fuel,Ahmedabad,DEV9935,CUST0008,2026-09-01T18:35:25.149072,False
TXN100291,12690.54,INR,utilities,Pune,DEV2307,CUST0052,2026-09-01T18:35:27.149072,False
TXN100292,13375.41,INR,fuel,Bengaluru,DEV6881,CUST0036,2026-09-01T18:35:29.149072,False
TXN100293,14777.73,INR,fuel,Hyderabad,DEV2519,CUST0033,2026-09-01T18:35:33.149072,False
TXN100294,8605.55,INR,entertainment,Jaipur,DEV1409,CUST0002,2026-09-01T18:35:38.149072,False
TXN100295,1032.93,INR,pharmacy,Ahmedabad,DEV8527,CUST0040,2026-09-01T18:35:41.149072,False
TXN100296,8644.76,INR,fuel,Pune,DEV4733,CUST0050,2026-09-01T18:35:46.149072,False
TXN100297,7784.53,INR,fuel,Jaipur,DEV3547,CUST0029,2026-09-01T18:35:48.149072,False
TXN100298,6517.64,INR,grocery,Mumbai,DEV4733,CUST0050,2026-09-01T18:35:51.149072,False
TXN100299,4873.78,INR,dining,Pune,DEV7873,CUST0020,2026-09-01T18:35:54.149072,False
TXN100300,2984.71,INR,apparel,Chennai,DEV7227,CUST0055,2026-09-01T18:35:58.149072,False
TXN100301,8025.5,INR,apparel,Bengaluru,DEV9785,CUST0041,2026-09-01T18:36:01.149072,False
TXN100302,10823.46,INR,atm_withdrawal,Pune,DEV1520,CUST0011,2026-09-01T18:36:04.149072,False
TXN100303,1264.28,INR,atm_withdrawal,Chennai,DEV4814,CUST0053,2026-09-01T18:36:06.149072,False
TXN100304,9290.72,INR,grocery,Ahmedabad,DEV4733,CUST0050,2026-09-01T18:36:09.149072,False
TXN100305,7270.03,INR,pharmacy,Chennai,DEV3045,CUST0042,2026-09-01T18:36:13.149072,False
TXN100306,2413.3,INR,pharmacy,Ahmedabad,DEV4657,CUST0005,2026-09-01T18:36:18.149072,False
TXN100307,2197.85,INR,utilities,Pune,DEV4582,CUST0014,2026-09-01T18:36:23.149072,False
TXN100308,7748.95,INR,electronics,Pune,DEV2424,CUST0009,2026-09-01T18:36:28.149072,False
TXN100309,6771.46,INR,fuel,Mumbai,DEV4527,CUST0030,2026-09-01T18:36:31.149072,False
TXN100310,12969.25,INR,pharmacy,Hyderabad,DEV9928,CUST0019,2026-09-01T18:36:33.149072,False
TXN100311,8686.42,INR,utilities,Hyderabad,DEV4814,CUST0053,2026-09-01T18:36:36.149072,False
TXN100312,7028.89,INR,travel,Ahmedabad,DEV2674,CUST0032,2026-09-01T18:36:39.149072,False
TXN100313,7606.39,INR,dining,Hyderabad,DEV3286,CUST0006,2026-09-01T18:36:41.149072,False
TXN100314,7448.67,INR,entertainment,Chennai,DEV5012,CUST0004,2026-09-01T18:36:45.149072,False
TXN100315,2052.33,INR,travel,Pune,DEV7227,CUST0055,2026-09-01T18:36:47.149072,False
TXN100316,814.81,INR,apparel,Hyderabad,DEV1106,CUST0024,2026-09-01T18:36:52.149072,False
TXN100317,5825.91,INR,entertainment,Jaipur,DEV6881,CUST0036,2026-09-01T18:36:56.149072,False
TXN100318,10221.96,INR,electronics,Bengaluru,DEV4814,CUST0053,2026-09-01T18:37:00.149072,False
TXN100319,14802.48,INR,apparel,Pune,DEV7924,CUST0026,2026-09-01T18:37:02.149072,False
TXN100320,6050.74,INR,grocery,Delhi,DEV2535,CUST0013,2026-09-01T18:37:05.149072,False
TXN100321,12069.29,INR,apparel,Ahmedabad,DEV2424,CUST0009,2026-09-01T18:37:07.149072,False
TXN100322,2139.73,INR,atm_withdrawal,Pune,DEV1711,CUST0039,2026-09-01T18:37:10.149072,False
TXN100323,11102.82,INR,travel,Lucknow,DEV7924,CUST0026,2026-09-01T18:37:13.149072,False
TXN100324,8008.48,INR,atm_withdrawal,Chennai,DEV2519,CUST0033,2026-09-01T18:37:17.149072,False
TXN100325,44842.97,INR,electronics,Kolkata,DEV4814,CUST0053,2026-09-01T18:37:22.149072,True
TXN100326,13087.88,INR,grocery,Lucknow,DEV5741,CUST0051,2026-09-01T18:37:26.149072,False
TXN100327,11754.41,INR,atm_withdrawal,Lucknow,DEV1434,CUST0017,2026-09-01T18:37:31.149072,False
TXN100328,7232.71,INR,apparel,Lucknow,DEV4150,CUST0047,2026-09-01T18:37:34.149072,False
TXN100329,3670.84,INR,atm_withdrawal,Mumbai,DEV7912,CUST0010,2026-09-01T18:37:39.149072,False
TXN100330,6310.77,INR,pharmacy,Hyderabad,DEV1409,CUST0002,2026-09-01T18:37:42.149072,False
TXN100331,13811.79,INR,grocery,Bengaluru,DEV2519,CUST0033,2026-09-01T18:37:47.149072,False
TXN100332,9950.29,INR,apparel,Kolkata,DEV6881,CUST0036,2026-09-01T18:37:50.149072,False
TXN100333,8020.25,INR,apparel,Pune,DEV1488,CUST0012,2026-09-01T18:37:54.149072,False
TXN100334,14362.19,INR,travel,Jaipur,DEV8527,CUST0040,2026-09-01T18:37:58.149072,False
TXN100335,14734.79,INR,travel,Hyderabad,DEV4811,CUST0015,2026-09-01T18:38:02.149072,False
TXN100336,8429.29,INR,travel,Chennai,DEV4611,CUST0021,2026-09-01T18:38:07.149072,False
TXN100337,5726.43,INR,pharmacy,Pune,DEV6635,CUST0037,2026-09-01T18:38:09.149072,False
TXN100338,14331.94,INR,electronics,Pune,DEV9928,CUST0019,2026-09-01T18:38:12.149072,False
TXN100339,7212.23,INR,dining,Jaipur,DEV3045,CUST0042,2026-09-01T18:38:17.149072,False
TXN100340,4110.74,INR,electronics,Lucknow,DEV7065,CUST0060,2026-09-01T18:38:21.149072,False
TXN100341,13582.5,INR,dining,Hyderabad,DEV9279,CUST0016,2026-09-01T18:38:24.149072,False
TXN100342,10774.5,INR,electronics,Bengaluru,DEV2679,CUST0007,2026-09-01T18:38:26.149072,False
TXN100343,2411.22,INR,entertainment,Ahmedabad,DEV6881,CUST0036,2026-09-01T18:38:28.149072,False
TXN100344,4851.46,INR,grocery,Mumbai,DEV1750,CUST0049,2026-09-01T18:38:31.149072,False
TXN100345,12762.48,INR,grocery,Bengaluru,DEV2584,CUST0035,2026-09-01T18:38:34.149072,False
TXN100346,14012.14,INR,grocery,Kolkata,DEV8428,CUST0057,2026-09-01T18:38:39.149072,False
TXN100347,14433.86,INR,travel,Delhi,DEV1488,CUST0012,2026-09-01T18:38:44.149072,False
TXN100348,1654.15,INR,utilities,Chennai,DEV7873,CUST0020,2026-09-01T18:38:46.149072,False
TXN100349,7433.99,INR,fuel,Jaipur,DEV3045,CUST0042,2026-09-01T18:38:51.149072,False
TXN100350,1734.07,INR,fuel,Ahmedabad,DEV4257,CUST0018,2026-09-01T18:38:56.149072,False
TXN100351,11062.44,INR,travel,Lucknow,DEV6925,CUST0046,2026-09-01T18:39:00.149072,False
TXN100352,9598.95,INR,pharmacy,Kolkata,DEV1488,CUST0012,2026-09-01T18:39:03.149072,False
TXN100353,1476.01,INR,fuel,Ahmedabad,DEV3286,CUST0006,2026-09-01T18:39:07.149072,False
TXN100354,3948.74,INR,dining,Ahmedabad,DEV7065,CUST0060,2026-09-01T18:39:11.149072,False
TXN100355,10857.09,INR,grocery,Chennai,DEV8359,CUST0022,2026-09-01T18:39:15.149072,False
TXN100356,10033.4,INR,entertainment,Chennai,DEV5803,CUST0045,2026-09-01T18:39:19.149072,False
TXN100357,13850.43,INR,travel,Mumbai,DEV7924,CUST0026,2026-09-01T18:39:22.149072,False
TXN100358,3325.97,INR,fuel,Ahmedabad,DEV1106,CUST0024,2026-09-01T18:39:26.149072,False
TXN100359,9105.8,INR,pharmacy,Jaipur,DEV4527,CUST0030,2026-09-01T18:39:29.149072,False
TXN100360,9978.21,INR,dining,Hyderabad,DEV1750,CUST0049,2026-09-01T18:39:34.149072,False
TXN100361,10571.3,INR,electronics,Lucknow,DEV7224,CUST0034,2026-09-01T18:39:36.149072,False
TXN100362,13548.18,INR,dining,Lucknow,DEV5012,CUST0004,2026-09-01T18:39:38.149072,False
TXN100363,7829.11,INR,electronics,Hyderabad,DEV1520,CUST0011,2026-09-01T18:39:41.149072,False
TXN100364,6709.97,INR,grocery,Ahmedabad,DEV3286,CUST0006,2026-09-01T18:39:46.149072,False
TXN100365,8480.47,INR,apparel,Ahmedabad,DEV2519,CUST0033,2026-09-01T18:39:49.149072,False
TXN100366,39084.29,INR,grocery,Hyderabad,DEV4150,CUST0047,2026-09-01T18:39:53.149072,True
TXN100367,10520.75,INR,apparel,Delhi,DEV5506,CUST0003,2026-09-01T18:39:55.149072,False
TXN100368,4342.01,INR,fuel,Bengaluru,DEV7065,CUST0060,2026-09-01T18:39:57.149072,False
TXN100369,5768.07,INR,pharmacy,Kolkata,DEV1106,CUST0024,2026-09-01T18:40:02.149072,False
TXN100370,13124.58,INR,fuel,Pune,DEV2291,CUST0044,2026-09-01T18:40:04.149072,False
TXN100371,5926.23,INR,fuel,Hyderabad,DEV1488,CUST0012,2026-09-01T18:40:06.149072,False
TXN100372,42377.22,INR,apparel,Kolkata,DEV1750,CUST0049,2026-09-01T18:40:08.149072,True
TXN100373,6936.35,INR,fuel,Chennai,DEV4814,CUST0053,2026-09-01T18:40:13.149072,False
TXN100374,11494.07,INR,grocery,Kolkata,DEV7065,CUST0060,2026-09-01T18:40:16.149072,False
TXN100375,1558.41,INR,grocery,Ahmedabad,DEV9279,CUST0016,2026-09-01T18:40:18.149072,False
TXN100376,6063.87,INR,dining,Jaipur,DEV9279,CUST0016,2026-09-01T18:40:20.149072,False
TXN100377,893.84,INR,apparel,Chennai,DEV1750,CUST0049,2026-09-01T18:40:23.149072,False
TXN100378,8662.85,INR,atm_withdrawal,Lucknow,DEV4814,CUST0053,2026-09-01T18:40:26.149072,False
TXN100379,2191.74,INR,apparel,Hyderabad,DEV9279,CUST0016,2026-09-01T18:40:30.149072,False
TXN100380,8372.94,INR,atm_withdrawal,Bengaluru,DEV7873,CUST0020,2026-09-01T18:40:35.149072,False
TXN100381,14585.74,INR,pharmacy,Jaipur,DEV6881,CUST0036,2026-09-01T18:40:40.149072,False
TXN100382,2280.8,INR,pharmacy,Bengaluru,DEV5803,CUST0045,2026-09-01T18:40:44.149072,False
TXN100383,4546.01,INR,fuel,Ahmedabad,DEV9279,CUST0016,2026-09-01T18:40:49.149072,False
TXN100384,6276.79,INR,apparel,Bengaluru,DEV6881,CUST0036,2026-09-01T18:40:51.149072,False
TXN100385,4987.43,INR,electronics,Ahmedabad,DEV9279,CUST0016,2026-09-01T18:40:56.149072,False
TXN100386,12449.62,INR,grocery,Chennai,DEV3286,CUST0006,2026-09-01T18:41:00.149072,False
TXN100387,641.24,INR,electronics,Hyderabad,DEV2291,CUST0044,2026-09-01T18:41:05.149072,False
TXN100388,13610.14,INR,travel,Delhi,DEV6514,CUST0031,2026-09-01T18:41:08.149072,False
TXN100389,11135.05,INR,entertainment,Hyderabad,DEV7065,CUST0060,2026-09-01T18:41:11.149072,False
TXN100390,8303.59,INR,travel,Kolkata,DEV7924,CUST0026,2026-09-01T18:41:14.149072,False
TXN100391,4660.91,INR,utilities,Jaipur,DEV2584,CUST0035,2026-09-01T18:41:19.149072,False
TXN100392,14720.71,INR,entertainment,Pune,DEV4527,CUST0030,2026-09-01T18:41:24.149072,False
TXN100393,733.45,INR,dining,Bengaluru,DEV1106,CUST0024,2026-09-01T18:41:27.149072,False
TXN100394,8781.28,INR,pharmacy,Chennai,DEV1434,CUST0017,2026-09-01T18:41:29.149072,False
TXN100395,5728.6,INR,dining,Ahmedabad,DEV2535,CUST0013,2026-09-01T18:41:32.149072,False
TXN100396,7354.89,INR,entertainment,Ahmedabad,DEV1434,CUST0017,2026-09-01T18:41:36.149072,False
TXN100397,2580.52,INR,apparel,Ahmedabad,DEV4150,CUST0047,2026-09-01T18:41:39.149072,False
TXN100398,14855.34,INR,grocery,Jaipur,DEV3664,CUST0059,2026-09-01T18:41:42.149072,False
TXN100399,14180.56,INR,grocery,Delhi,DEV2654,CUST0054,2026-09-01T18:41:44.149072,False
TXN100400,3509.93,INR,fuel,Delhi,DEV2424,CUST0009,2026-09-01T18:41:49.149072,False
TXN100401,953.73,INR,atm_withdrawal,Ahmedabad,DEV2519,CUST0033,2026-09-01T18:41:52.149072,False
TXN100402,61373.27,INR,grocery,Delhi,DEV1409,CUST0002,2026-09-01T18:41:57.149072,True
TXN100403,306.28,INR,pharmacy,Bengaluru,DEV2584,CUST0035,2026-09-01T18:42:01.149072,False
TXN100404,2276.02,INR,dining,Lucknow,DEV3664,CUST0059,2026-09-01T18:42:03.149072,False
TXN100405,11934.3,INR,electronics,Pune,DEV4814,CUST0053,2026-09-01T18:42:07.149072,False
TXN100406,14853.98,INR,dining,Chennai,DEV4527,CUST0030,2026-09-01T18:42:12.149072,False
TXN100407,9765.92,INR,grocery,Mumbai,DEV3045,CUST0042,2026-09-01T18:42:14.149072,False
TXN100408,7166.28,INR,grocery,Bengaluru,DEV3615,CUST0025,2026-09-01T18:42:19.149072,False
TXN100409,9691.36,INR,utilities,Lucknow,DEV2674,CUST0032,2026-09-01T18:42:21.149072,False
TXN100410,686.15,INR,dining,Lucknow,DEV6977,CUST0058,2026-09-01T18:42:23.149072,False
TXN100411,1161.5,INR,travel,Jaipur,DEV4257,CUST0018,2026-09-01T18:42:28.149072,False
TXN100412,4751.55,INR,dining,Lucknow,DEV1488,CUST0012,2026-09-01T18:42:30.149072,False
TXN100413,12322.49,INR,electronics,Chennai,DEV1750,CUST0049,2026-09-01T18:42:33.149072,False
TXN100414,12528.03,INR,pharmacy,Jaipur,DEV6635,CUST0037,2026-09-01T18:42:36.149072,False
TXN100415,2142.26,INR,electronics,Jaipur,DEV3615,CUST0025,2026-09-01T18:42:40.149072,False
TXN100416,3520.55,INR,electronics,Pune,DEV5012,CUST0004,2026-09-01T18:42:44.149072,False
TXN100417,9530.14,INR,entertainment,Ahmedabad,DEV4733,CUST0050,2026-09-01T18:42:49.149072,False
TXN100418,5662.63,INR,fuel,Lucknow,DEV5557,CUST0023,2026-09-01T18:42:52.149072,False
TXN100419,4465.92,INR,dining,Mumbai,DEV3286,CUST0006,2026-09-01T18:42:57.149072,False
TXN100420,10689.57,INR,fuel,Kolkata,DEV4257,CUST0018,2026-09-01T18:42:59.149072,False
TXN100421,127.67,INR,travel,Ahmedabad,DEV1106,CUST0024,2026-09-01T18:43:03.149072,False
TXN100422,2030.98,INR,fuel,Kolkata,DEV1750,CUST0049,2026-09-01T18:43:07.149072,False
TXN100423,6150.26,INR,grocery,Mumbai,DEV6881,CUST0036,2026-09-01T18:43:12.149072,False
TXN100424,8990.75,INR,utilities,Kolkata,DEV6881,CUST0036,2026-09-01T18:43:16.149072,False
TXN100425,11698.58,INR,apparel,Hyderabad,DEV9928,CUST0019,2026-09-01T18:43:18.149072,False
TXN100426,2125.66,INR,travel,Chennai,DEV2291,CUST0044,2026-09-01T18:43:21.149072,False
TXN100427,6548.41,INR,pharmacy,Chennai,DEV7912,CUST0010,2026-09-01T18:43:26.149072,False
TXN100428,3812.91,INR,dining,Ahmedabad,DEV5741,CUST0051,2026-09-01T18:43:31.149072,False
TXN100429,4604.64,INR,pharmacy,Pune,DEV4527,CUST0030,2026-09-01T18:43:34.149072,False
TXN100430,6631.33,INR,pharmacy,Lucknow,DEV2307,CUST0052,2026-09-01T18:43:39.149072,False
TXN100431,14211.82,INR,dining,Ahmedabad,DEV7873,CUST0020,2026-09-01T18:43:42.149072,False
TXN100432,14532.44,INR,travel,Ahmedabad,DEV1488,CUST0012,2026-09-01T18:43:46.149072,False
TXN100433,12256.59,INR,pharmacy,Pune,DEV4611,CUST0021,2026-09-01T18:43:49.149072,False
TXN100434,8903.79,INR,apparel,Bengaluru,DEV7065,CUST0060,2026-09-01T18:43:51.149072,False
TXN100435,10640.09,INR,entertainment,Chennai,DEV4150,CUST0047,2026-09-01T18:43:53.149072,False
TXN100436,11935.93,INR,entertainment,Bengaluru,DEV4814,CUST0053,2026-09-01T18:43:55.149072,False
TXN100437,2354.44,INR,pharmacy,Kolkata,DEV9279,CUST0016,2026-09-01T18:43:59.149072,False
TXN100438,7214.56,INR,pharmacy,Jaipur,DEV3547,CUST0029,2026-09-01T18:44:01.149072,False
TXN100439,14528.0,INR,apparel,Lucknow,DEV2584,CUST0035,2026-09-01T18:44:06.149072,False
TXN100440,9881.14,INR,utilities,Bengaluru,DEV2679,CUST0007,2026-09-01T18:44:08.149072,False
TXN100441,10178.2,INR,pharmacy,Pune,DEV6635,CUST0037,2026-09-01T18:44:10.149072,False
TXN100442,39405.38,INR,apparel,Jaipur,DEV2679,CUST0007,2026-09-01T18:44:15.149072,True
TXN100443,6972.79,INR,atm_withdrawal,Jaipur,DEV3547,CUST0029,2026-09-01T18:44:18.149072,False
TXN100444,7267.43,INR,travel,Kolkata,DEV5557,CUST0023,2026-09-01T18:44:21.149072,False
TXN100445,10965.75,INR,utilities,Chennai,DEV9935,CUST0008,2026-09-01T18:44:23.149072,False
TXN100446,7840.67,INR,utilities,Ahmedabad,DEV4527,CUST0030,2026-09-01T18:44:27.149072,False
TXN100447,6814.09,INR,electronics,Chennai,DEV3547,CUST0029,2026-09-01T18:44:29.149072,False
TXN100448,387.65,INR,utilities,Mumbai,DEV2307,CUST0052,2026-09-01T18:44:31.149072,False
TXN100449,3696.5,INR,fuel,Jaipur,DEV7065,CUST0060,2026-09-01T18:44:34.149072,False
TXN100450,14379.02,INR,dining,Kolkata,DEV8359,CUST0022,2026-09-01T18:44:37.149072,False
TXN100451,6510.41,INR,grocery,Lucknow,DEV1488,CUST0012,2026-09-01T18:44:40.149072,False
TXN100452,5863.09,INR,dining,Hyderabad,DEV3547,CUST0029,2026-09-01T18:44:43.149072,False
TXN100453,11950.32,INR,atm_withdrawal,Mumbai,DEV1750,CUST0049,2026-09-01T18:44:47.149072,False
TXN100454,6890.38,INR,travel,Ahmedabad,DEV1106,CUST0024,2026-09-01T18:44:50.149072,False
TXN100455,5918.53,INR,electronics,Pune,DEV1711,CUST0039,2026-09-01T18:44:54.149072,False
TXN100456,2629.29,INR,travel,Lucknow,DEV7227,CUST0055,2026-09-01T18:44:58.149072,False
TXN100457,1812.03,INR,travel,Mumbai,DEV2291,CUST0044,2026-09-01T18:45:00.149072,False
TXN100458,7686.83,INR,pharmacy,Lucknow,DEV1106,CUST0024,2026-09-01T18:45:03.149072,False
TXN100459,2827.02,INR,apparel,Bengaluru,DEV6635,CUST0037,2026-09-01T18:45:06.149072,False
TXN100460,2847.12,INR,entertainment,Lucknow,DEV2674,CUST0032,2026-09-01T18:45:09.149072,False
TXN100461,193.27,INR,fuel,Hyderabad,DEV5554,CUST0056,2026-09-01T18:45:11.149072,False
TXN100462,7449.8,INR,entertainment,Kolkata,DEV6881,CUST0036,2026-09-01T18:45:16.149072,False
TXN100463,8502.7,INR,dining,Chennai,DEV2674,CUST0032,2026-09-01T18:45:21.149072,False
TXN100464,4365.62,INR,entertainment,Lucknow,DEV4257,CUST0018,2026-09-01T18:45:23.149072,False
TXN100465,8612.08,INR,travel,Jaipur,DEV6881,CUST0036,2026-09-01T18:45:28.149072,False
TXN100466,672.08,INR,entertainment,Jaipur,DEV2584,CUST0035,2026-09-01T18:45:32.149072,False
TXN100467,12459.56,INR,dining,Chennai,DEV5552,CUST0028,2026-09-01T18:45:35.149072,False
TXN100468,12939.88,INR,electronics,Ahmedabad,DEV3547,CUST0029,2026-09-01T18:45:37.149072,False
TXN100469,3187.68,INR,atm_withdrawal,Pune,DEV4733,CUST0050,2026-09-01T18:45:39.149072,False
TXN100470,11783.5,INR,dining,Delhi,DEV1520,CUST0011,2026-09-01T18:45:44.149072,False
TXN100471,8104.59,INR,utilities,Chennai,DEV2584,CUST0035,2026-09-01T18:45:48.149072,False
TXN100472,12877.35,INR,electronics,Bengaluru,DEV6635,CUST0037,2026-09-01T18:45:52.149072,False
TXN100473,4195.99,INR,fuel,Bengaluru,DEV3664,CUST0059,2026-09-01T18:45:57.149072,False
TXN100474,12435.8,INR,pharmacy,Ahmedabad,DEV7912,CUST0010,2026-09-01T18:46:00.149072,False
TXN100475,9435.8,INR,pharmacy,Ahmedabad,DEV6635,CUST0037,2026-09-01T18:46:03.149072,False
TXN100476,11544.82,INR,pharmacy,Jaipur,DEV9785,CUST0041,2026-09-01T18:46:05.149072,False
TXN100477,5567.61,INR,entertainment,Pune,DEV5803,CUST0045,2026-09-01T18:46:09.149072,False
TXN100478,11004.22,INR,entertainment,Pune,DEV5554,CUST0056,2026-09-01T18:46:11.149072,False
TXN100479,3306.56,INR,pharmacy,Hyderabad,DEV5741,CUST0051,2026-09-01T18:46:13.149072,False
TXN100480,4289.72,INR,apparel,Lucknow,DEV4257,CUST0018,2026-09-01T18:46:18.149072,False
TXN100481,11835.14,INR,grocery,Delhi,DEV6635,CUST0037,2026-09-01T18:46:21.149072,False
TXN100482,6920.75,INR,electronics,Bengaluru,DEV9785,CUST0041,2026-09-01T18:46:23.149072,False
TXN100483,91852.38,INR,dining,Bengaluru,DEV4527,CUST0030,2026-09-01T18:46:28.149072,True
TXN100484,13155.1,INR,electronics,Pune,DEV1520,CUST0011,2026-09-01T18:46:32.149072,False
TXN100485,13561.81,INR,fuel,Delhi,DEV3286,CUST0006,2026-09-01T18:46:36.149072,False
TXN100486,10506.65,INR,dining,Kolkata,DEV9785,CUST0041,2026-09-01T18:46:41.149072,False
TXN100487,3240.65,INR,electronics,Bengaluru,DEV6925,CUST0046,2026-09-01T18:46:43.149072,False
TXN100488,188.84,INR,utilities,Mumbai,DEV7224,CUST0034,2026-09-01T18:46:46.149072,False
TXN100489,1108.88,INR,pharmacy,Mumbai,DEV5803,CUST0045,2026-09-01T18:46:51.149072,False
TXN100490,13220.79,INR,fuel,Kolkata,DEV2679,CUST0007,2026-09-01T18:46:53.149072,False
TXN100491,2185.65,INR,apparel,Lucknow,DEV3045,CUST0042,2026-09-01T18:46:56.149072,False
TXN100492,6629.49,INR,dining,Bengaluru,DEV8527,CUST0040,2026-09-01T18:46:58.149072,False
TXN100493,12906.44,INR,electronics,Mumbai,DEV8527,CUST0040,2026-09-01T18:47:03.149072,False
TXN100494,10963.64,INR,utilities,Kolkata,DEV1750,CUST0049,2026-09-01T18:47:06.149072,False
TXN100495,4190.67,INR,electronics,Hyderabad,DEV5741,CUST0051,2026-09-01T18:47:10.149072,False
TXN100496,451.02,INR,travel,Hyderabad,DEV4733,CUST0050,2026-09-01T18:47:14.149072,False
TXN100497,9710.24,INR,dining,Ahmedabad,DEV2139,CUST0048,2026-09-01T18:47:17.149072,False
TXN100498,9589.33,INR,electronics,Jaipur,DEV9935,CUST0008,2026-09-01T18:47:22.149072,False
TXN100499,2023.14,INR,atm_withdrawal,Kolkata,DEV1106,CUST0024,2026-09-01T18:47:24.149072,False
